title,author,genre,teaser,moods,buyLink,downloadLink
The Hobbit,J.R.R. Tolkien,fantasy,A quiet life is interrupted by an unexpected journey. Something ancient waits beyond the mountains.,"adventurous,fantasy,hopeful",https://www.amazon.in/s?k=The+Hobbit+kindle+edition,https://www.amazon.in/s?k=The+Hobbit+kindle+edition
Life of Pi,Yann Martel,adventure,Stranded in the ocean with a dangerous companion. Survival becomes a test of belief.,"adventurous,inspiring",https://www.amazon.in/s?k=Life+of+Pi+kindle+edition,https://www.amazon.in/s?k=Life+of+Pi+kindle+edition
Treasure Island,Robert Louis Stevenson,adventure,A mysterious map leads to buried treasure. Not everyone can be trusted.,"adventurous,suspenseful",https://www.amazon.in/s?k=Treasure+Island+kindle+edition,https://www.amazon.in/s?k=Treasure+Island+kindle+edition
Into the Wild,Jon Krakauer,biography,A man leaves everything behind for freedom. The journey reveals harsh truths.,"adventurous,thought-provoking,heartbreaking",https://www.amazon.in/s?k=Into+the+Wild+kindle+edition,https://www.amazon.in/s?k=Into+the+Wild+kindle+edition
The Three Musketeers,Alexandre Dumas,adventure,Honor and loyalty are tested in dangerous times. Friendship becomes a weapon.,"adventurous,drama",https://www.amazon.in/s?k=The+Three+Musketeers+kindle+edition,https://www.amazon.in/s?k=The+Three+Musketeers+kindle+edition
Pride and Prejudice,Jane Austen,romance,Misjudgments hide deeper truths. Love grows where it was least expected.,"romantic,hopeful,drama",https://www.amazon.in/s?k=Pride+and+Prejudice+kindle+edition,https://www.amazon.in/s?k=Pride+and+Prejudice+kindle+edition
Me Before You,Jojo Moyes,romance,Two lives collide under difficult circumstances. Love forces impossible choices.,"romantic,heartbreaking",https://www.amazon.in/s?k=Me+Before+You+kindle+edition,https://www.amazon.in/s?k=Me+Before+You+kindle+edition
The Notebook,Nicholas Sparks,romance,A love story that refuses to fade. Time cannot erase what was real.,romantic,https://www.amazon.in/s?k=The+Notebook+kindle+edition,https://www.amazon.in/s?k=The+Notebook+kindle+edition
Love & Other Words,Christina Lauren,romance,Childhood memories reconnect two lost souls. Some love stories never truly end.,"romantic,heartbreaking",https://www.amazon.in/s?k=Love+&+Other+Words+kindle+edition,https://www.amazon.in/s?k=Love+&+Other+Words+kindle+edition
It Ends With Us,Colleen Hoover,romance,Love begins beautifully but reveals darker truths. Choosing yourself becomes necessary.,"romantic,heartbreaking,drama",https://www.amazon.in/s?k=It+Ends+With+Us+kindle+edition,https://www.amazon.in/s?k=It+Ends+With+Us+kindle+edition
The Silent Patient,Alex Michaelides,thriller,A woman stops speaking after a shocking act. Silence hides the truth.,"mysterious,suspenseful",https://www.amazon.in/s?k=The+Silent+Patient+kindle+edition,https://www.amazon.in/s?k=The+Silent+Patient+kindle+edition
Gone Girl,Gillian Flynn,thriller,A perfect marriage hides disturbing secrets. Truth twists with every reveal.,"mysterious,suspenseful",https://www.amazon.in/s?k=Gone+Girl+kindle+edition,https://www.amazon.in/s?k=Gone+Girl+kindle+edition
The Girl with the Dragon Tattoo,Stieg Larsson,thriller,A missing girl case uncovers dark family secrets. Nothing is what it seems.,"mysterious,suspenseful",https://www.amazon.in/s?k=The+Girl+with+the+Dragon+Tattoo+kindle+edition,https://www.amazon.in/s?k=The+Girl+with+the+Dragon+Tattoo+kindle+edition
Big Little Lies,Liane Moriarty,fiction,Perfect lives hide dangerous truths. A secret slowly unravels everything.,"mysterious,drama",https://www.amazon.in/s?k=Big+Little+Lies+kindle+edition,https://www.amazon.in/s?k=Big+Little+Lies+kindle+edition
In the Woods,Tana French,thriller,A detective faces a case tied to his past. Some memories should stay buried.,"mysterious,suspenseful",https://www.amazon.in/s?k=In+the+Woods+kindle+edition,https://www.amazon.in/s?k=In+the+Woods+kindle+edition
The Da Vinci Code,Dan Brown,thriller,A symbol sparks a global chase. History hides dangerous secrets.,"suspenseful,adventurous",https://www.amazon.in/s?k=The+Da+Vinci+Code+kindle+edition,https://www.amazon.in/s?k=The+Da+Vinci+Code+kindle+edition
Shutter Island,Dennis Lehane,thriller,A missing patient on an isolated island. Reality begins to blur.,"suspenseful,mysterious",https://www.amazon.in/s?k=Shutter+Island+kindle+edition,https://www.amazon.in/s?k=Shutter+Island+kindle+edition
The Woman in the Window,A.J. Finn,thriller,A woman sees something she shouldn't. Truth becomes uncertain.,"suspenseful,mysterious",https://www.amazon.in/s?k=The+Woman+in+the+Window+kindle+edition,https://www.amazon.in/s?k=The+Woman+in+the+Window+kindle+edition
Before I Go to Sleep,S.J. Watson,thriller,Every day begins with no memory. Trust becomes dangerous.,"suspenseful,mysterious",https://www.amazon.in/s?k=Before+I+Go+to+Sleep+kindle+edition,https://www.amazon.in/s?k=Before+I+Go+to+Sleep+kindle+edition
The Girl on the Train,Paula Hawkins,thriller,A routine observation becomes something sinister. Watching has consequences.,"suspenseful,mysterious",https://www.amazon.in/s?k=The+Girl+on+the+Train+kindle+edition,https://www.amazon.in/s?k=The+Girl+on+the+Train+kindle+edition
Good Omens,Neil Gaiman & Terry Pratchett,fantasy,An angel and demon try to stop the apocalypse. Chaos has never been this fun.,"humorous,fantasy",https://www.amazon.in/s?k=Good+Omens+kindle+edition,https://www.amazon.in/s?k=Good+Omens+kindle+edition
The Hitchhiker’s Guide to the Galaxy,Douglas Adams,sci-fi,Earth disappears unexpectedly. The universe makes even less sense.,"humorous,sci-fi",https://www.amazon.in/s?k=The+Hitchhiker’s+Guide+to+the+Galaxy+kindle+edition,https://www.amazon.in/s?k=The+Hitchhiker’s+Guide+to+the+Galaxy+kindle+edition
Bossypants,Tina Fey,biography,A hilarious take on life and career. Success comes with chaos.,humorous,https://www.amazon.in/s?k=Bossypants+kindle+edition,https://www.amazon.in/s?k=Bossypants+kindle+edition
Yes Please,Amy Poehler,biography,"Stories of ambition, humor, and mistakes. Life doesn’t have a script.",humorous,https://www.amazon.in/s?k=Yes+Please+kindle+edition,https://www.amazon.in/s?k=Yes+Please+kindle+edition
Diary of a Wimpy Kid,Jeff Kinney,fiction,Middle school life is full of awkward moments. Survival is a daily struggle.,humorous,https://www.amazon.in/s?k=Diary+of+a+Wimpy+Kid+kindle+edition,https://www.amazon.in/s?k=Diary+of+a+Wimpy+Kid+kindle+edition
The Alchemist,Paulo Coelho,fiction,A journey reveals deeper purpose. Destiny waits to be understood.,"hopeful,inspiring",https://www.amazon.in/s?k=The+Alchemist+kindle+edition,https://www.amazon.in/s?k=The+Alchemist+kindle+edition
Atomic Habits,James Clear,self-help,Small changes build powerful results. Growth comes quietly.,"inspiring,hopeful",https://www.amazon.in/s?k=Atomic+Habits+kindle+edition,https://www.amazon.in/s?k=Atomic+Habits+kindle+edition
Man’s Search for Meaning,Viktor Frankl,philosophy,"Even in suffering, purpose can be found. Meaning gives strength.","hopeful,thought-provoking",https://www.amazon.in/s?k=Man’s+Search+for+Meaning+kindle+edition,https://www.amazon.in/s?k=Man’s+Search+for+Meaning+kindle+edition
Tuesdays with Morrie,Mitch Albom,biography,Life lessons unfold in weekly conversations. Time becomes precious.,"hopeful,heartbreaking",https://www.amazon.in/s?k=Tuesdays+with+Morrie+kindle+edition,https://www.amazon.in/s?k=Tuesdays+with+Morrie+kindle+edition
The Happiness Project,Gretchen Rubin,self-help,A year dedicated to happiness. Change starts from within.,hopeful,https://www.amazon.in/s?k=The+Happiness+Project+kindle+edition,https://www.amazon.in/s?k=The+Happiness+Project+kindle+edition
A Little Life,Hanya Yanagihara,drama,Friendship and pain intertwine deeply. Some scars never heal.,"heartbreaking,drama",https://www.amazon.in/s?k=A+Little+Life+kindle+edition,https://www.amazon.in/s?k=A+Little+Life+kindle+edition
The Fault in Our Stars,John Green,romance,Love blossoms under fragile circumstances. Time becomes the greatest challenge.,"romantic,heartbreaking",https://www.amazon.in/s?k=The+Fault+in+Our+Stars+kindle+edition,https://www.amazon.in/s?k=The+Fault+in+Our+Stars+kindle+edition
The Kite Runner,Khaled Hosseini,drama,A mistake from childhood echoes forever. Redemption demands sacrifice.,"heartbreaking,drama,tragedy",https://www.amazon.in/s?k=The+Kite+Runner+kindle+edition,https://www.amazon.in/s?k=The+Kite+Runner+kindle+edition
They Both Die at the End,Adam Silvera,fiction,Two strangers meet on their last day. Life feels more real when it's ending.,"heartbreaking,romantic",https://www.amazon.in/s?k=They+Both+Die+at+the+End+kindle+edition,https://www.amazon.in/s?k=They+Both+Die+at+the+End+kindle+edition
Becoming,Michelle Obama,biography,A story shaped by challenges and ambition. Growth comes step by step.,inspiring,https://www.amazon.in/s?k=Becoming+kindle+edition,https://www.amazon.in/s?k=Becoming+kindle+edition
Steve Jobs,Walter Isaacson,biography,A visionary life filled with intensity and innovation. Genius comes at a cost.,inspiring,https://www.amazon.in/s?k=Steve+Jobs+kindle+edition,https://www.amazon.in/s?k=Steve+Jobs+kindle+edition
Wings of Fire,A.P.J. Abdul Kalam,biography,From humble beginnings to greatness. Dreams take flight with persistence.,"inspiring,hopeful",https://www.amazon.in/s?k=Wings+of+Fire+kindle+edition,https://www.amazon.in/s?k=Wings+of+Fire+kindle+edition
The 7 Habits of Highly Effective People,Stephen Covey,self-help,Success is built on strong principles. Change starts with mindset.,inspiring,https://www.amazon.in/s?k=The+7+Habits+of+Highly+Effective+People+kindle+edition,https://www.amazon.in/s?k=The+7+Habits+of+Highly+Effective+People+kindle+edition
Think Like a Monk,Jay Shetty,self-help,Ancient wisdom meets modern life. Peace comes from within.,"inspiring,thought-provoking",https://www.amazon.in/s?k=Think+Like+a+Monk+kindle+edition,https://www.amazon.in/s?k=Think+Like+a+Monk+kindle+edition
1984,George Orwell,dystopian,A world where truth is controlled. Freedom becomes a dangerous idea.,thought-provoking,https://www.amazon.in/s?k=1984+kindle+edition,https://www.amazon.in/s?k=1984+kindle+edition
Brave New World,Aldous Huxley,dystopian,A perfect society hides a deeper cost. Happiness comes with sacrifice.,"thought-provoking,sci-fi",https://www.amazon.in/s?k=Brave+New+World+kindle+edition,https://www.amazon.in/s?k=Brave+New+World+kindle+edition
Sapiens,Yuval Noah Harari,history,The story of humanity unfolds. Understanding the past shapes the future.,thought-provoking,https://www.amazon.in/s?k=Sapiens+kindle+edition,https://www.amazon.in/s?k=Sapiens+kindle+edition
The Stranger,Albert Camus,fiction,A man detached from emotion faces consequences. Meaning becomes uncertain.,thought-provoking,https://www.amazon.in/s?k=The+Stranger+kindle+edition,https://www.amazon.in/s?k=The+Stranger+kindle+edition
Fahrenheit 451,Ray Bradbury,dystopian,Books are forbidden in a controlled world. Knowledge becomes rebellion.,thought-provoking,https://www.amazon.in/s?k=Fahrenheit+451+kindle+edition,https://www.amazon.in/s?k=Fahrenheit+451+kindle+edition
Dune,Frank Herbert,sci-fi,A desert world holds immense power. Survival demands strategy.,"sci-fi,adventurous",https://www.amazon.in/s?k=Dune+kindle+edition,https://www.amazon.in/s?k=Dune+kindle+edition
Ender’s Game,Orson Scott Card,sci-fi,A child is trained for war. Strategy becomes survival.,"sci-fi,thought-provoking",https://www.amazon.in/s?k=Ender’s+Game+kindle+edition,https://www.amazon.in/s?k=Ender’s+Game+kindle+edition
The Martian,Andy Weir,sci-fi,Stranded on Mars with limited resources. Survival depends on ingenuity.,"sci-fi,adventurous,inspiring",https://www.amazon.in/s?k=The+Martian+kindle+edition,https://www.amazon.in/s?k=The+Martian+kindle+edition
Foundation,Isaac Asimov,sci-fi,A plan to save civilization unfolds. Time becomes the biggest challenge.,sci-fi,https://www.amazon.in/s?k=Foundation+kindle+edition,https://www.amazon.in/s?k=Foundation+kindle+edition
Neuromancer,William Gibson,sci-fi,A hacker enters a digital world. Reality and illusion blur.,sci-fi,https://www.amazon.in/s?k=Neuromancer+kindle+edition,https://www.amazon.in/s?k=Neuromancer+kindle+edition
It,Stephen King,horror,Childhood fears return in terrifying form. Some nightmares never leave.,scary,https://www.amazon.in/s?k=It+kindle+edition,https://www.amazon.in/s?k=It+kindle+edition
The Haunting of Hill House,Shirley Jackson,horror,A house filled with unseen horrors. Fear grows quietly.,scary,https://www.amazon.in/s?k=The+Haunting+of+Hill+House+kindle+edition,https://www.amazon.in/s?k=The+Haunting+of+Hill+House+kindle+edition
Pet Sematary,Stephen King,horror,Bringing back the dead has consequences. Some doors should stay closed.,scary,https://www.amazon.in/s?k=Pet+Sematary+kindle+edition,https://www.amazon.in/s?k=Pet+Sematary+kindle+edition
Bird Box,Josh Malerman,horror,Something unseen drives people mad. Survival means not looking.,scary,https://www.amazon.in/s?k=Bird+Box+kindle+edition,https://www.amazon.in/s?k=Bird+Box+kindle+edition
Dracula,Bram Stoker,horror,A mysterious figure arrives with dark intentions. Evil hides in plain sight.,scary,https://www.amazon.in/s?k=Dracula+kindle+edition,https://www.amazon.in/s?k=Dracula+kindle+edition
Twisted Love,Ana Huang,romance,Love grows in the shadow of secrets. Not everything is safe.,"dark romance,romantic",https://www.amazon.in/s?k=Twisted+Love+kindle+edition,https://www.amazon.in/s?k=Twisted+Love+kindle+edition
Haunting Adeline,H.D. Carlton,romance,A dangerous obsession blurs love and fear. Control becomes everything.,dark romance,https://www.amazon.in/s?k=Haunting+Adeline+kindle+edition,https://www.amazon.in/s?k=Haunting+Adeline+kindle+edition
Verity,Colleen Hoover,thriller,A hidden manuscript reveals disturbing truths. Nothing is what it seems.,"dark romance,suspenseful",https://www.amazon.in/s?k=Verity+kindle+edition,https://www.amazon.in/s?k=Verity+kindle+edition
Punk 57,Penelope Douglas,romance,A friendship built on letters turns into something darker. Truth changes everything.,dark romance,https://www.amazon.in/s?k=Punk+57+kindle+edition,https://www.amazon.in/s?k=Punk+57+kindle+edition
Corrupt,Penelope Douglas,romance,Power and control define dangerous relationships. Lines are blurred.,dark romance,https://www.amazon.in/s?k=Corrupt+kindle+edition,https://www.amazon.in/s?k=Corrupt+kindle+edition
Fifty Shades of Grey,E.L. James,romance,Curiosity leads into a world of control. Desire comes with consequences.,"sexy,romantic",https://www.amazon.in/s?k=Fifty+Shades+of+Grey+kindle+edition,https://www.amazon.in/s?k=Fifty+Shades+of+Grey+kindle+edition
The Kiss Quotient,Helen Hoang,romance,A relationship begins as an arrangement. Feelings complicate everything.,"sexy,romantic",https://www.amazon.in/s?k=The+Kiss+Quotient+kindle+edition,https://www.amazon.in/s?k=The+Kiss+Quotient+kindle+edition
Beautiful Disaster,Jamie McGuire,romance,A reckless love story full of chaos. Passion comes with consequences.,"sexy,romantic",https://www.amazon.in/s?k=Beautiful+Disaster+kindle+edition,https://www.amazon.in/s?k=Beautiful+Disaster+kindle+edition
Birthday Girl,Penelope Douglas,romance,Forbidden attraction builds slowly. Some lines shouldn’t be crossed.,sexy,https://www.amazon.in/s?k=Birthday+Girl+kindle+edition,https://www.amazon.in/s?k=Birthday+Girl+kindle+edition
Bared to You,Sylvia Day,romance,Two broken people find each other. Healing comes with pain.,"sexy,romantic",https://www.amazon.in/s?k=Bared+to+You+kindle+edition,https://www.amazon.in/s?k=Bared+to+You+kindle+edition
Red White and Royal Blue,Casey McQuiston,romance,Rivalry turns into unexpected affection. Love ignores boundaries.,"bl romance,romantic,humorous",https://www.amazon.in/s?k=Red+White+and+Royal+Blue+kindle+edition,https://www.amazon.in/s?k=Red+White+and+Royal+Blue+kindle+edition
Call Me By Your Name,Andre Aciman,romance,A fleeting connection leaves a lasting mark. Some moments stay forever.,"bl romance,romantic",https://www.amazon.in/s?k=Call+Me+By+Your+Name+kindle+edition,https://www.amazon.in/s?k=Call+Me+By+Your+Name+kindle+edition
Aristotle and Dante Discover the Secrets of the Universe,Benjamin Alire Sáenz,fiction,Two boys form a deep connection. Identity unfolds slowly.,"bl romance,romantic",https://www.amazon.in/s?k=Aristotle+and+Dante+Discover+the+Secrets+of+the+Universe+kindle+edition,https://www.amazon.in/s?k=Aristotle+and+Dante+Discover+the+Secrets+of+the+Universe+kindle+edition
Boyfriend Material,Alexis Hall,romance,A fake relationship turns real. Love surprises unexpectedly.,"bl romance,humorous",https://www.amazon.in/s?k=Boyfriend+Material+kindle+edition,https://www.amazon.in/s?k=Boyfriend+Material+kindle+edition
The Price of Salt,Patricia Highsmith,romance,A chance meeting leads to a forbidden love. Choices become difficult.,"gl romance,romantic",https://www.amazon.in/s?k=The+Price+of+Salt+kindle+edition,https://www.amazon.in/s?k=The+Price+of+Salt+kindle+edition
One Last Stop,Casey McQuiston,romance,A stranger appears out of time. Some connections defy logic.,"gl romance,romantic,sci-fi",https://www.amazon.in/s?k=One+Last+Stop+kindle+edition,https://www.amazon.in/s?k=One+Last+Stop+kindle+edition
Written in the Stars,Alexandria Bellefleur,romance,Opposites attract unexpectedly. Love grows through chaos.,"gl romance,romantic",https://www.amazon.in/s?k=Written+in+the+Stars+kindle+edition,https://www.amazon.in/s?k=Written+in+the+Stars+kindle+edition
Delilah Green Doesn’t Care,Ashley Herring Blake,romance,Returning home brings unexpected feelings. Some people change everything.,"gl romance,romantic",https://www.amazon.in/s?k=Delilah+Green+Doesn’t+Care+kindle+edition,https://www.amazon.in/s?k=Delilah+Green+Doesn’t+Care+kindle+edition
She Drives Me Crazy,Kelly Quindlen,romance,A fake dating scheme turns real. Feelings complicate everything.,"gl romance,romantic",https://www.amazon.in/s?k=She+Drives+Me+Crazy+kindle+edition,https://www.amazon.in/s?k=She+Drives+Me+Crazy+kindle+edition
The Great Gatsby,F. Scott Fitzgerald,drama,A dream built on illusion begins to crack. Not everything shines forever.,"drama,thought-provoking",https://www.amazon.in/s?k=The+Great+Gatsby+kindle+edition,https://www.amazon.in/s?k=The+Great+Gatsby+kindle+edition
Little Women,Louisa May Alcott,drama,Four sisters navigate life and ambition. Love and loss shape their journey.,"drama,hopeful",https://www.amazon.in/s?k=Little+Women+kindle+edition,https://www.amazon.in/s?k=Little+Women+kindle+edition
A Man Called Ove,Fredrik Backman,fiction,A grumpy man hides a soft heart. Life brings unexpected connections.,"drama,hopeful",https://www.amazon.in/s?k=A+Man+Called+Ove+kindle+edition,https://www.amazon.in/s?k=A+Man+Called+Ove+kindle+edition
Normal People,Sally Rooney,fiction,Two lives intertwine over time. Love evolves in quiet ways.,"drama,romantic",https://www.amazon.in/s?k=Normal+People+kindle+edition,https://www.amazon.in/s?k=Normal+People+kindle+edition
The Book Thief,Markus Zusak,fiction,A girl finds comfort in stolen books. Words become survival.,"drama,heartbreaking",https://www.amazon.in/s?k=The+Book+Thief+kindle+edition,https://www.amazon.in/s?k=The+Book+Thief+kindle+edition
Romeo and Juliet,William Shakespeare,drama,A forbidden love leads to tragedy. Fate cannot be escaped.,"tragedy,romantic",https://www.amazon.in/s?k=Romeo+and+Juliet+kindle+edition,https://www.amazon.in/s?k=Romeo+and+Juliet+kindle+edition
Of Mice and Men,John Steinbeck,drama,Dreams feel close but slip away. Hope is fragile.,"tragedy,drama",https://www.amazon.in/s?k=Of+Mice+and+Men+kindle+edition,https://www.amazon.in/s?k=Of+Mice+and+Men+kindle+edition
A Thousand Splendid Suns,Khaled Hosseini,drama,Two women endure hardship together. Strength is found in suffering.,"tragedy,heartbreaking",https://www.amazon.in/s?k=A+Thousand+Splendid+Suns+kindle+edition,https://www.amazon.in/s?k=A+Thousand+Splendid+Suns+kindle+edition
Anna Karenina,Leo Tolstoy,drama,A passionate affair leads to consequences. Love can destroy.,"tragedy,romantic",https://www.amazon.in/s?k=Anna+Karenina+kindle+edition,https://www.amazon.in/s?k=Anna+Karenina+kindle+edition
Harry Potter,J.K. Rowling,fantasy,A hidden world opens to an ordinary boy. Magic comes with danger.,"fantasy,adventurous",https://www.amazon.in/s?k=Harry+Potter+kindle+edition,https://www.amazon.in/s?k=Harry+Potter+kindle+edition
The Name of the Wind,Patrick Rothfuss,fantasy,A legend tells his own story. Truth hides behind myths.,fantasy,https://www.amazon.in/s?k=The+Name+of+the+Wind+kindle+edition,https://www.amazon.in/s?k=The+Name+of+the+Wind+kindle+edition
Mistborn,Brandon Sanderson,fantasy,Power rises in unlikely hands. Revolution begins quietly.,"fantasy,adventurous",https://www.amazon.in/s?k=Mistborn+kindle+edition,https://www.amazon.in/s?k=Mistborn+kindle+edition
The Priory of the Orange Tree,Samantha Shannon,fantasy,A divided world faces an ancient threat. Destiny binds unlikely allies.,fantasy,https://www.amazon.in/s?k=The+Priory+of+the+Orange+Tree+kindle+edition,https://www.amazon.in/s?k=The+Priory+of+the+Orange+Tree+kindle+edition
Percy Jackson,Rick Riordan,fantasy,A boy discovers his mythological roots. Adventure begins unexpectedly.,"fantasy,adventurous",https://www.amazon.in/s?k=Percy+Jackson+kindle+edition,https://www.amazon.in/s?k=Percy+Jackson+kindle+edition
Wild,Cheryl Strayed,memoir,A woman hikes over a thousand miles alone to rebuild herself after loss. Every step is a battle.,"adventurous,inspiring,thought-provoking",https://www.amazon.in/s?k=Wild+kindle+edition,https://www.amazon.in/s?k=Wild+kindle+edition
Around the World in 80 Days,Jules Verne,adventure,A gentleman bets everything on an impossible journey. The clock never stops ticking.,"adventurous,humorous",https://www.amazon.in/s?k=Around+the+World+in+80+Days+kindle+edition,https://www.amazon.in/s?k=Around+the+World+in+80+Days+kindle+edition
The Lost City of Z,David Grann,non-fiction,An explorer vanishes deep in the Amazon jungle. The search becomes its own obsession.,"adventurous,mysterious",https://www.amazon.in/s?k=The+Lost+City+of+Z+kindle+edition,https://www.amazon.in/s?k=The+Lost+City+of+Z+kindle+edition
Endurance,Alfred Lansing,non-fiction,A ship sinks in Antarctica. Twenty-eight men must survive the impossible.,"adventurous,inspiring",https://www.amazon.in/s?k=Endurance+kindle+edition,https://www.amazon.in/s?k=Endurance+kindle+edition
The Alchemist's Daughter,Mary Lawrence,historical fiction,A young woman navigates a dangerous world of secrets and science. Nothing is what it seems.,"adventurous,mysterious",https://www.amazon.in/s?k=The+Alchemist's+Daughter+kindle+edition,https://www.amazon.in/s?k=The+Alchemist's+Daughter+kindle+edition
Call of the Wild,Jack London,classic,A domesticated dog is thrust into the brutal Yukon wilderness. Survival rewrites everything.,adventurous,https://www.amazon.in/s?k=Call+of+the+Wild+kindle+edition,https://www.amazon.in/s?k=Call+of+the+Wild+kindle+edition
Captain Corelli's Mandolin,Louis de Bernières,historical fiction,War arrives on a quiet Greek island. Love blooms in the most dangerous of times.,"adventurous,romantic,drama",https://www.amazon.in/s?k=Captain+Corelli's+Mandolin+kindle+edition,https://www.amazon.in/s?k=Captain+Corelli's+Mandolin+kindle+edition
The Shadow of the Wind,Carlos Ruiz Zafón,mystery,A boy discovers a book that someone is trying to erase from history. Barcelona holds dark secrets.,"adventurous,mysterious,drama",https://www.amazon.in/s?k=The+Shadow+of+the+Wind+kindle+edition,https://www.amazon.in/s?k=The+Shadow+of+the+Wind+kindle+edition
Pillars of the Earth,Ken Follett,historical fiction,"A cathedral is built over decades. Power, passion and betrayal shape every stone.","adventurous,drama",https://www.amazon.in/s?k=Pillars+of+the+Earth+kindle+edition,https://www.amazon.in/s?k=Pillars+of+the+Earth+kindle+edition
An Untamed State,Roxane Gay,literary fiction,A woman is kidnapped and must find a way back to herself. Survival demands everything.,"adventurous,heartbreaking,thought-provoking",https://www.amazon.in/s?k=An+Untamed+State+kindle+edition,https://www.amazon.in/s?k=An+Untamed+State+kindle+edition
Outlander,Diana Gabaldon,historical romance,A woman travels back in time to 18th century Scotland. She falls in love with a warrior.,"romantic,adventurous",https://www.amazon.in/s?k=Outlander+kindle+edition,https://www.amazon.in/s?k=Outlander+kindle+edition
Beach Read,Emily Henry,romance,Two rival writers swap genres for the summer. Neither expects what comes next.,"romantic,humorous",https://www.amazon.in/s?k=Beach+Read+kindle+edition,https://www.amazon.in/s?k=Beach+Read+kindle+edition
The Hating Game,Sally Thorne,romance,Two office rivals share a floor and a mutual disdain. Or so they think.,"romantic,humorous",https://www.amazon.in/s?k=The+Hating+Game+kindle+edition,https://www.amazon.in/s?k=The+Hating+Game+kindle+edition
People We Meet on Vacation,Emily Henry,romance,Two best friends. One week every summer. A love they never named until it was almost too late.,"romantic,hopeful",https://www.amazon.in/s?k=People+We+Meet+on+Vacation+kindle+edition,https://www.amazon.in/s?k=People+We+Meet+on+Vacation+kindle+edition
The Time Traveler's Wife,Audrey Niffenegger,romance,A man travels through time uncontrollably. His wife must love him across every version.,"romantic,heartbreaking",https://www.amazon.in/s?k=The+Time+Traveler's+Wife+kindle+edition,https://www.amazon.in/s?k=The+Time+Traveler's+Wife+kindle+edition
After,Anna Todd,romance,A good girl meets a brooding bad boy at college. Everything she knew begins to unravel.,"romantic,drama",https://www.amazon.in/s?k=After+kindle+edition,https://www.amazon.in/s?k=After+kindle+edition
Eleanor Oliphant is Completely Fine,Gail Honeyman,literary fiction,A socially awkward woman hides a devastating past. A small kindness begins to crack her open.,"romantic,heartbreaking,hopeful",https://www.amazon.in/s?k=Eleanor+Oliphant+is+Completely+Fine+kindle+edition,https://www.amazon.in/s?k=Eleanor+Oliphant+is+Completely+Fine+kindle+edition
One Day in December,Josie Silver,romance,She sees him through a bus window. They miss each other for years. Fate has other plans.,"romantic,hopeful,heartbreaking",https://www.amazon.in/s?k=One+Day+in+December+kindle+edition,https://www.amazon.in/s?k=One+Day+in+December+kindle+edition
The Rosie Project,Graeme Simsion,romance,A scientist creates a questionnaire to find a wife. Love arrives completely off-script.,"romantic,humorous",https://www.amazon.in/s?k=The+Rosie+Project+kindle+edition,https://www.amazon.in/s?k=The+Rosie+Project+kindle+edition
Second First Impressions,Sally Thorne,romance,An eccentric employer and her new assistant slowly discover what they truly need.,"romantic,humorous,hopeful",https://www.amazon.in/s?k=Second+First+Impressions+kindle+edition,https://www.amazon.in/s?k=Second+First+Impressions+kindle+edition
And Then There Were None,Agatha Christie,mystery,Ten strangers are invited to an island. One by one they begin to die.,"mysterious,suspenseful,scary",https://www.amazon.in/s?k=And+Then+There+Were+None+kindle+edition,https://www.amazon.in/s?k=And+Then+There+Were+None+kindle+edition
The Secret History,Donna Tartt,literary thriller,A group of elite students commit a terrible act. The narrator knows what happened from the start.,"mysterious,dark romance,thought-provoking",https://www.amazon.in/s?k=The+Secret+History+kindle+edition,https://www.amazon.in/s?k=The+Secret+History+kindle+edition
Rebecca,Daphne du Maurier,gothic mystery,A new wife moves into her husband's estate. The ghost of his first wife never left.,"mysterious,scary,drama",https://www.amazon.in/s?k=Rebecca+kindle+edition,https://www.amazon.in/s?k=Rebecca+kindle+edition
The Seven Deaths of Evelyn Hardcastle,Stuart Turton,mystery,A man must solve a murder before midnight. But he wakes up each day in a different body.,"mysterious,suspenseful",https://www.amazon.in/s?k=The+Seven+Deaths+of+Evelyn+Hardcastle+kindle+edition,https://www.amazon.in/s?k=The+Seven+Deaths+of+Evelyn+Hardcastle+kindle+edition
Mexican Gothic,Silvia Moreno-Garcia,gothic horror,A socialite investigates her cousin's strange illness in a decaying mansion. The house is alive.,"mysterious,scary",https://www.amazon.in/s?k=Mexican+Gothic+kindle+edition,https://www.amazon.in/s?k=Mexican+Gothic+kindle+edition
The Maid,Nita Prose,mystery,A hotel maid discovers a dead body. She is the prime suspect. She sees what others miss.,"mysterious,suspenseful,humorous",https://www.amazon.in/s?k=The+Maid+kindle+edition,https://www.amazon.in/s?k=The+Maid+kindle+edition
Ninth House,Leigh Bardugo,dark fantasy,A girl with a dark past is recruited to monitor secret societies at Yale. Magic has a price.,"mysterious,dark romance,fantasy",https://www.amazon.in/s?k=Ninth+House+kindle+edition,https://www.amazon.in/s?k=Ninth+House+kindle+edition
The Thursday Murder Club,Richard Osman,cozy mystery,Four retirees solve cold cases for fun. Then a real murder lands in their lap.,"mysterious,humorous",https://www.amazon.in/s?k=The+Thursday+Murder+Club+kindle+edition,https://www.amazon.in/s?k=The+Thursday+Murder+Club+kindle+edition
The Paris Apartment,Lucy Foley,thriller,A woman visits her brother in Paris and finds him missing. Every neighbor has something to hide.,"mysterious,suspenseful",https://www.amazon.in/s?k=The+Paris+Apartment+kindle+edition,https://www.amazon.in/s?k=The+Paris+Apartment+kindle+edition
House of Leaves,Mark Z. Danielewski,horror mystery,A family discovers their house is bigger on the inside. The walls are closing in.,"mysterious,scary,thought-provoking",https://www.amazon.in/s?k=House+of+Leaves+kindle+edition,https://www.amazon.in/s?k=House+of+Leaves+kindle+edition
The Girl Who Played with Fire,Stieg Larsson,thriller,A hacker is framed for murder. She must expose the truth before the truth buries her.,"suspenseful,mysterious",https://www.amazon.in/s?k=The+Girl+Who+Played+with+Fire+kindle+edition,https://www.amazon.in/s?k=The+Girl+Who+Played+with+Fire+kindle+edition
Behind Closed Doors,B.A. Paris,psychological thriller,A perfect marriage hides a terrifying secret. Escape seems impossible.,"suspenseful,dark romance,scary",https://www.amazon.in/s?k=Behind+Closed+Doors+kindle+edition,https://www.amazon.in/s?k=Behind+Closed+Doors+kindle+edition
The Silent Companions,Laura Purcell,gothic thriller,A widow moves to her late husband's estate. The wooden figures in the house are watching.,"suspenseful,scary,mysterious",https://www.amazon.in/s?k=The+Silent+Companions+kindle+edition,https://www.amazon.in/s?k=The+Silent+Companions+kindle+edition
I Am Pilgrim,Terry Hayes,spy thriller,A retired intelligence agent is pulled back in for one last case. The stakes are global.,"suspenseful,adventurous",https://www.amazon.in/s?k=I+Am+Pilgrim+kindle+edition,https://www.amazon.in/s?k=I+Am+Pilgrim+kindle+edition
The Firm,John Grisham,legal thriller,A young lawyer joins the perfect firm. He soon realizes getting out may cost him his life.,"suspenseful,drama",https://www.amazon.in/s?k=The+Firm+kindle+edition,https://www.amazon.in/s?k=The+Firm+kindle+edition
No Longer Human,Osamu Dazai,literary fiction,A man documents his lifelong feeling of being an outsider. Darkness grows from within.,"suspenseful,thought-provoking,heartbreaking",https://www.amazon.in/s?k=No+Longer+Human+kindle+edition,https://www.amazon.in/s?k=No+Longer+Human+kindle+edition
The Chain,Adrian McKinty,thriller,A parent receives a call. Their child has been kidnapped. To free them they must kidnap another.,"suspenseful,scary",https://www.amazon.in/s?k=The+Chain+kindle+edition,https://www.amazon.in/s?k=The+Chain+kindle+edition
Dark Places,Gillian Flynn,thriller,A woman survived her family's massacre as a child. Decades later the case is reopened.,"suspenseful,mysterious,heartbreaking",https://www.amazon.in/s?k=Dark+Places+kindle+edition,https://www.amazon.in/s?k=Dark+Places+kindle+edition
The Couple Next Door,Shari Lapena,psychological thriller,A baby goes missing at a dinner party next door. Every couple is lying.,"suspenseful,mysterious,drama",https://www.amazon.in/s?k=The+Couple+Next+Door+kindle+edition,https://www.amazon.in/s?k=The+Couple+Next+Door+kindle+edition
Run Rose Run,Dolly Parton & James Patterson,thriller,A young singer chases her dreams in Nashville. Someone wants to stop her.,"suspenseful,drama,inspiring",https://www.amazon.in/s?k=Run+Rose+Run+kindle+edition,https://www.amazon.in/s?k=Run+Rose+Run+kindle+edition
Three Men in a Boat,Jerome K. Jerome,classic comedy,Three friends and a dog take a boat trip. Everything hilariously goes wrong.,"humorous,adventurous",https://www.amazon.in/s?k=Three+Men+in+a+Boat+kindle+edition,https://www.amazon.in/s?k=Three+Men+in+a+Boat+kindle+edition
The Rosie Effect,Graeme Simsion,comedy,The scientist and his unpredictable wife are now expecting. Nothing goes to plan.,"humorous,romantic",https://www.amazon.in/s?k=The+Rosie+Effect+kindle+edition,https://www.amazon.in/s?k=The+Rosie+Effect+kindle+edition
I Hope They Serve Beer in Hell,Tucker Max,memoir,A man recounts his most outrageous misadventures with zero remorse.,"humorous,sexy",https://www.amazon.in/s?k=I+Hope+They+Serve+Beer+in+Hell+kindle+edition,https://www.amazon.in/s?k=I+Hope+They+Serve+Beer+in+Hell+kindle+edition
The Midnight Library,Matt Haig,literary fiction,Between life and death there is a library. Every book shows a different life she could have lived.,"humorous,hopeful,thought-provoking",https://www.amazon.in/s?k=The+Midnight+Library+kindle+edition,https://www.amazon.in/s?k=The+Midnight+Library+kindle+edition
Catch-22,Joseph Heller,satire,A soldier tries to get out of flying missions by claiming insanity. The system has other plans.,"humorous,thought-provoking,drama",https://www.amazon.in/s?k=Catch-22+kindle+edition,https://www.amazon.in/s?k=Catch-22+kindle+edition
Where'd You Go Bernadette,Maria Semple,comedy,A woman disappears. Her daughter pieces together what happened through emails and documents.,"humorous,mysterious,drama",https://www.amazon.in/s?k=Where'd+You+Go+Bernadette+kindle+edition,https://www.amazon.in/s?k=Where'd+You+Go+Bernadette+kindle+edition
Convenience Store Woman,Sayaka Murata,literary fiction,A woman finds perfect happiness working at a convenience store. Society disagrees.,"humorous,thought-provoking",https://www.amazon.in/s?k=Convenience+Store+Woman+kindle+edition,https://www.amazon.in/s?k=Convenience+Store+Woman+kindle+edition
My Year of Rest and Relaxation,Ottessa Moshfegh,literary fiction,A beautiful privileged woman decides to sleep for a year. The absurdity is the point.,"humorous,thought-provoking,drama",https://www.amazon.in/s?k=My+Year+of+Rest+and+Relaxation+kindle+edition,https://www.amazon.in/s?k=My+Year+of+Rest+and+Relaxation+kindle+edition
Ella Minnow Pea,Mark Dunn,epistolary fiction,A town bans letters of the alphabet one by one. The story is written with what remains.,"humorous,thought-provoking",https://www.amazon.in/s?k=Ella+Minnow+Pea+kindle+edition,https://www.amazon.in/s?k=Ella+Minnow+Pea+kindle+edition
The House on Mango Street,Sandra Cisneros,literary fiction,A young girl growing up in Chicago imagines a life beyond her neighborhood. Hope is stubborn.,"hopeful,inspiring,drama",https://www.amazon.in/s?k=The+House+on+Mango+Street+kindle+edition,https://www.amazon.in/s?k=The+House+on+Mango+Street+kindle+edition
Flowers for Algernon,Daniel Keyes,sci-fi,A man with low intelligence undergoes an experiment to become a genius. The results are devastating.,"hopeful,heartbreaking,thought-provoking",https://www.amazon.in/s?k=Flowers+for+Algernon+kindle+edition,https://www.amazon.in/s?k=Flowers+for+Algernon+kindle+edition
A Tree Grows in Brooklyn,Betty Smith,literary fiction,A girl grows up poor in Brooklyn. She dreams of something more and refuses to stop.,"hopeful,inspiring,drama",https://www.amazon.in/s?k=A+Tree+Grows+in+Brooklyn+kindle+edition,https://www.amazon.in/s?k=A+Tree+Grows+in+Brooklyn+kindle+edition
The Color Purple,Alice Walker,literary fiction,A woman endures unimaginable hardship in the American South. She finds her voice anyway.,"hopeful,heartbreaking,inspiring",https://www.amazon.in/s?k=The+Color+Purple+kindle+edition,https://www.amazon.in/s?k=The+Color+Purple+kindle+edition
Educated,Tara Westover,memoir,A girl raised in isolation by survivalists educates herself into Cambridge. Nothing was given.,"hopeful,inspiring,thought-provoking",https://www.amazon.in/s?k=Educated+kindle+edition,https://www.amazon.in/s?k=Educated+kindle+edition
When Breath Becomes Air,Paul Kalanithi,memoir,A dying neurosurgeon asks what makes life meaningful. His answer will stay with you.,"hopeful,heartbreaking,thought-provoking",https://www.amazon.in/s?k=When+Breath+Becomes+Air+kindle+edition,https://www.amazon.in/s?k=When+Breath+Becomes+Air+kindle+edition
The Unlikely Pilgrimage of Harold Fry,Rachel Joyce,literary fiction,A man decides to walk across England to visit a dying friend. The journey changes everything.,"hopeful,heartbreaking,inspiring",https://www.amazon.in/s?k=The+Unlikely+Pilgrimage+of+Harold+Fry+kindle+edition,https://www.amazon.in/s?k=The+Unlikely+Pilgrimage+of+Harold+Fry+kindle+edition
Wonder,R.J. Palacio,young adult,A boy with a facial difference starts school for the first time. Kindness is the only superpower.,"hopeful,inspiring,drama",https://www.amazon.in/s?k=Wonder+kindle+edition,https://www.amazon.in/s?k=Wonder+kindle+edition
The Art of Racing in the Rain,Garth Stein,literary fiction,A dog narrates his owner's life through heartbreak and loss. His loyalty never wavers.,"hopeful,heartbreaking,drama",https://www.amazon.in/s?k=The+Art+of+Racing+in+the+Rain+kindle+edition,https://www.amazon.in/s?k=The+Art+of+Racing+in+the+Rain+kindle+edition
Before I Fall,Lauren Oliver,young adult,A girl relives the day she dies again and again. She uses it to fix everything.,"hopeful,heartbreaking,thought-provoking",https://www.amazon.in/s?k=Before+I+Fall+kindle+edition,https://www.amazon.in/s?k=Before+I+Fall+kindle+edition
Never Let Me Go,Kazuo Ishiguro,dystopian,Children at a boarding school slowly learn their fate. They accept it. That is the tragedy.,"heartbreaking,thought-provoking,sci-fi",https://www.amazon.in/s?k=Never+Let+Me+Go+kindle+edition,https://www.amazon.in/s?k=Never+Let+Me+Go+kindle+edition
The Road,Cormac McCarthy,post-apocalyptic,A father and son walk a devastated earth. Love is the only thing left worth carrying.,"heartbreaking,thought-provoking,scary",https://www.amazon.in/s?k=The+Road+kindle+edition,https://www.amazon.in/s?k=The+Road+kindle+edition
My Sister's Keeper,Jodi Picoult,drama,A girl was conceived to save her dying sister. She sues for rights over her own body.,"heartbreaking,drama,thought-provoking",https://www.amazon.in/s?k=My+Sister's+Keeper+kindle+edition,https://www.amazon.in/s?k=My+Sister's+Keeper+kindle+edition
Flowers in the Attic,V.C. Andrews,gothic drama,Four children are hidden in an attic by their mother. The waiting becomes something worse.,"heartbreaking,dark romance,scary",https://www.amazon.in/s?k=Flowers+in+the+Attic+kindle+edition,https://www.amazon.in/s?k=Flowers+in+the+Attic+kindle+edition
The Bell Jar,Sylvia Plath,literary fiction,A brilliant young woman unravels under the pressure of expectation. The darkness is real.,"heartbreaking,thought-provoking",https://www.amazon.in/s?k=The+Bell+Jar+kindle+edition,https://www.amazon.in/s?k=The+Bell+Jar+kindle+edition
Night,Elie Wiesel,memoir,A boy survives the Holocaust. He carries the weight of what he witnessed forever.,"heartbreaking,thought-provoking,inspiring",https://www.amazon.in/s?k=Night+kindle+edition,https://www.amazon.in/s?k=Night+kindle+edition
All the Light We Cannot See,Anthony Doerr,historical fiction,A blind French girl and a German soldier's paths cross in World War II. Beauty survives anyway.,"heartbreaking,drama,thought-provoking",https://www.amazon.in/s?k=All+the+Light+We+Cannot+See+kindle+edition,https://www.amazon.in/s?k=All+the+Light+We+Cannot+See+kindle+edition
Extremely Loud and Incredibly Close,Jonathan Safran Foer,literary fiction,A boy searches New York for a lock that fits his dead father's key. Grief has no map.,"heartbreaking,hopeful,drama",https://www.amazon.in/s?k=Extremely+Loud+and+Incredibly+Close+kindle+edition,https://www.amazon.in/s?k=Extremely+Loud+and+Incredibly+Close+kindle+edition
The Lovely Bones,Alice Sebold,literary fiction,A murdered girl watches her family from heaven. She wants them to live even without her.,"heartbreaking,mysterious,hopeful",https://www.amazon.in/s?k=The+Lovely+Bones+kindle+edition,https://www.amazon.in/s?k=The+Lovely+Bones+kindle+edition
We Need to Talk About Kevin,Lionel Shriver,literary fiction,A mother reflects on raising the son who committed a school shooting. Nothing is simple.,"heartbreaking,thought-provoking,drama",https://www.amazon.in/s?k=We+Need+to+Talk+About+Kevin+kindle+edition,https://www.amazon.in/s?k=We+Need+to+Talk+About+Kevin+kindle+edition
The Handmaid's Tale,Margaret Atwood,dystopian,Women are stripped of all rights in a theocratic state. One woman refuses to disappear.,"thought-provoking,scary,heartbreaking",https://www.amazon.in/s?k=The+Handmaid's+Tale+kindle+edition,https://www.amazon.in/s?k=The+Handmaid's+Tale+kindle+edition
To Kill a Mockingbird,Harper Lee,classic,A lawyer defends a Black man in the racist American South. His daughter watches justice bend.,"thought-provoking,drama,inspiring",https://www.amazon.in/s?k=To+Kill+a+Mockingbird+kindle+edition,https://www.amazon.in/s?k=To+Kill+a+Mockingbird+kindle+edition
Animal Farm,George Orwell,political satire,Farm animals overthrow their human farmer. Power corrupts them just the same.,"thought-provoking,humorous,drama",https://www.amazon.in/s?k=Animal+Farm+kindle+edition,https://www.amazon.in/s?k=Animal+Farm+kindle+edition
The Picture of Dorian Gray,Oscar Wilde,gothic fiction,A beautiful man stays young while his portrait ages and decays. Vanity has a price.,"thought-provoking,dark romance,mysterious",https://www.amazon.in/s?k=The+Picture+of+Dorian+Gray+kindle+edition,https://www.amazon.in/s?k=The+Picture+of+Dorian+Gray+kindle+edition
Crime and Punishment,Fyodor Dostoevsky,classic,A student murders a pawnbroker for what he believes is the greater good. His mind destroys him.,"thought-provoking,suspenseful,drama",https://www.amazon.in/s?k=Crime+and+Punishment+kindle+edition,https://www.amazon.in/s?k=Crime+and+Punishment+kindle+edition
Siddhartha,Hermann Hesse,philosophical fiction,A young man leaves privilege to seek spiritual truth. The answer is not where he looks.,"thought-provoking,inspiring,hopeful",https://www.amazon.in/s?k=Siddhartha+kindle+edition,https://www.amazon.in/s?k=Siddhartha+kindle+edition
The Master and Margarita,Mikhail Bulgakov,satirical fantasy,"The devil visits Soviet Moscow. Chaos, magic and moral questions follow.","thought-provoking,humorous,fantasy",https://www.amazon.in/s?k=The+Master+and+Margarita+kindle+edition,https://www.amazon.in/s?k=The+Master+and+Margarita+kindle+edition
Blindness,José Saramago,literary fiction,A city goes blind overnight. Society collapses with terrifying speed.,"thought-provoking,scary,heartbreaking",https://www.amazon.in/s?k=Blindness+kindle+edition,https://www.amazon.in/s?k=Blindness+kindle+edition
The Remains of the Day,Kazuo Ishiguro,literary fiction,A butler reflects on a life of perfect service. He realizes too late what he sacrificed.,"thought-provoking,heartbreaking,drama",https://www.amazon.in/s?k=The+Remains+of+the+Day+kindle+edition,https://www.amazon.in/s?k=The+Remains+of+the+Day+kindle+edition
Sophie's World,Jostein Gaarder,philosophical fiction,A girl receives mysterious letters about the history of philosophy. Reality begins to unravel.,"thought-provoking,mysterious,fantasy",https://www.amazon.in/s?k=Sophie's+World+kindle+edition,https://www.amazon.in/s?k=Sophie's+World+kindle+edition
The Left Hand of Darkness,Ursula K. Le Guin,sci-fi,An envoy visits a planet where humans have no fixed gender. Everything he knows is challenged.,"sci-fi,thought-provoking",https://www.amazon.in/s?k=The+Left+Hand+of+Darkness+kindle+edition,https://www.amazon.in/s?k=The+Left+Hand+of+Darkness+kindle+edition
Oryx and Crake,Margaret Atwood,dystopian sci-fi,The last human alive pieces together how the world ended. His best friend is at the center.,"sci-fi,thought-provoking,heartbreaking",https://www.amazon.in/s?k=Oryx+and+Crake+kindle+edition,https://www.amazon.in/s?k=Oryx+and+Crake+kindle+edition
Project Hail Mary,Andy Weir,sci-fi,A man wakes up alone in space with no memory. He must save Earth before time runs out.,"sci-fi,adventurous,inspiring",https://www.amazon.in/s?k=Project+Hail+Mary+kindle+edition,https://www.amazon.in/s?k=Project+Hail+Mary+kindle+edition
The Dispossessed,Ursula K. Le Guin,sci-fi,A physicist travels between twin worlds with opposite ideologies. Neither is perfect.,"sci-fi,thought-provoking,drama",https://www.amazon.in/s?k=The+Dispossessed+kindle+edition,https://www.amazon.in/s?k=The+Dispossessed+kindle+edition
Children of Time,Adrian Tchaikovsky,sci-fi,Spiders evolve into an intelligent civilization on a terraformed world. Humans are coming.,"sci-fi,adventurous,thought-provoking",https://www.amazon.in/s?k=Children+of+Time+kindle+edition,https://www.amazon.in/s?k=Children+of+Time+kindle+edition
Snow Crash,Neal Stephenson,cyberpunk,"In a near-future America, a hacker delivers pizza and fights a digital drug epidemic.","sci-fi,adventurous,humorous",https://www.amazon.in/s?k=Snow+Crash+kindle+edition,https://www.amazon.in/s?k=Snow+Crash+kindle+edition
Klara and the Sun,Kazuo Ishiguro,sci-fi,"An artificial friend observes humans from a shop window, waiting to be chosen. She misses nothing.","sci-fi,heartbreaking,thought-provoking",https://www.amazon.in/s?k=Klara+and+the+Sun+kindle+edition,https://www.amazon.in/s?k=Klara+and+the+Sun+kindle+edition
The Long Way to a Small Angry Planet,Becky Chambers,sci-fi,A crew tunnels wormholes through space. The journey matters more than the destination.,"sci-fi,adventurous,hopeful",https://www.amazon.in/s?k=The+Long+Way+to+a+Small+Angry+Planet+kindle+edition,https://www.amazon.in/s?k=The+Long+Way+to+a+Small+Angry+Planet+kindle+edition
Station Eleven,Emily St. John Mandel,post-apocalyptic,A flu wipes out civilization. A traveling theater troupe keeps art alive. Survival is not enough.,"sci-fi,heartbreaking,drama",https://www.amazon.in/s?k=Station+Eleven+kindle+edition,https://www.amazon.in/s?k=Station+Eleven+kindle+edition
The Exorcist,William Peter Blatty,horror,A young girl is possessed by a demon. Two priests fight for her soul.,"scary,drama",https://www.amazon.in/s?k=The+Exorcist+kindle+edition,https://www.amazon.in/s?k=The+Exorcist+kindle+edition
House of Psychotic Women,Kier-La Janisse,horror non-fiction,An exploration of female hysteria and horror films. Terrifying and brilliant.,"scary,thought-provoking",https://www.amazon.in/s?k=House+of+Psychotic+Women+kindle+edition,https://www.amazon.in/s?k=House+of+Psychotic+Women+kindle+edition
The Troop,Nick Cutter,horror,A strange man visits a Boy Scout troop on a remote island. He leaves something behind.,"scary,suspenseful",https://www.amazon.in/s?k=The+Troop+kindle+edition,https://www.amazon.in/s?k=The+Troop+kindle+edition
NOS4A2,Joe Hill,horror,A man kidnaps children to a place called Christmasland. One woman can stop him.,"scary,suspenseful",https://www.amazon.in/s?k=NOS4A2+kindle+edition,https://www.amazon.in/s?k=NOS4A2+kindle+edition
The Hellbound Heart,Clive Barker,horror,A man solves a puzzle box that opens a door to pure sensation — and pure horror.,"scary,dark romance",https://www.amazon.in/s?k=The+Hellbound+Heart+kindle+edition,https://www.amazon.in/s?k=The+Hellbound+Heart+kindle+edition
The Little Stranger,Sarah Waters,gothic horror,A doctor visits a decaying English manor. Something in the house does not want him to leave.,"scary,mysterious,drama",https://www.amazon.in/s?k=The+Little+Stranger+kindle+edition,https://www.amazon.in/s?k=The+Little+Stranger+kindle+edition
Rosemary's Baby,Ira Levin,psychological horror,A young woman suspects her neighbors and husband are part of a sinister cult. She may be right.,"scary,suspenseful,drama",https://www.amazon.in/s?k=Rosemary's+Baby+kindle+edition,https://www.amazon.in/s?k=Rosemary's+Baby+kindle+edition
The Rats,James Herbert,horror,Giant rats begin attacking people in London. The infestation spreads faster than anyone expected.,"scary,suspenseful",https://www.amazon.in/s?k=The+Rats+kindle+edition,https://www.amazon.in/s?k=The+Rats+kindle+edition
20th Century Ghosts,Joe Hill,horror short stories,A collection of ghost stories. Some are terrifying. Some will break your heart.,"scary,heartbreaking,mysterious",https://www.amazon.in/s?k=20th+Century+Ghosts+kindle+edition,https://www.amazon.in/s?k=20th+Century+Ghosts+kindle+edition
Vicious,V.E. Schwab,dark fantasy,Two college students discover they can gain powers by nearly dying. They become enemies.,"dark romance,thought-provoking,fantasy",https://www.amazon.in/s?k=Vicious+kindle+edition,https://www.amazon.in/s?k=Vicious+kindle+edition
Wuthering Heights,Emily Brontë,classic,A brooding man and a wild woman destroy each other across decades. Love as obsession.,"dark romance,heartbreaking,drama",https://www.amazon.in/s?k=Wuthering+Heights+kindle+edition,https://www.amazon.in/s?k=Wuthering+Heights+kindle+edition
Kill Joy,Holly Jackson,thriller,A prequel to A Good Girl's Guide to Murder. A dangerous game reveals deadly secrets.,"dark romance,suspenseful,mysterious",https://www.amazon.in/s?k=Kill+Joy+kindle+edition,https://www.amazon.in/s?k=Kill+Joy+kindle+edition
The Deal,Elle Kennedy,romance,A hockey player makes a deal with a girl who needs his help. Neither expects what follows.,"dark romance,romantic,humorous",https://www.amazon.in/s?k=The+Deal+kindle+edition,https://www.amazon.in/s?k=The+Deal+kindle+edition
Icebreaker,Hannah Grace,romance,A figure skater and a hockey player share a rink and then a life. Heat on ice.,"dark romance,romantic,sexy",https://www.amazon.in/s?k=Icebreaker+kindle+edition,https://www.amazon.in/s?k=Icebreaker+kindle+edition
Twisted Games,Ana Huang,dark romance,A bodyguard falls for the princess he protects. Duty and desire are at war.,"dark romance,romantic,suspenseful",https://www.amazon.in/s?k=Twisted+Games+kindle+edition,https://www.amazon.in/s?k=Twisted+Games+kindle+edition
Den of Vipers,K.A. Knight,dark romance,A woman is given to four dangerous men as payment of a debt. She refuses to be a victim.,"dark romance,sexy,suspenseful",https://www.amazon.in/s?k=Den+of+Vipers+kindle+edition,https://www.amazon.in/s?k=Den+of+Vipers+kindle+edition
Throne of Glass,Sarah J. Maas,fantasy,An assassin is offered her freedom if she serves the king. She has her own plans.,"dark romance,fantasy,adventurous",https://www.amazon.in/s?k=Throne+of+Glass+kindle+edition,https://www.amazon.in/s?k=Throne+of+Glass+kindle+edition
A Court of Thorns and Roses,Sarah J. Maas,fantasy romance,A huntress kills a wolf in the woods and is taken to a magical land. The rules of love change.,"dark romance,fantasy,romantic",https://www.amazon.in/s?k=A+Court+of+Thorns+and+Roses+kindle+edition,https://www.amazon.in/s?k=A+Court+of+Thorns+and+Roses+kindle+edition
The Bridge Kingdom,Danielle L. Jensen,fantasy romance,A spy is sent to marry a king and destroy him from within. She begins to question everything.,"dark romance,fantasy,romantic",https://www.amazon.in/s?k=The+Bridge+Kingdom+kindle+edition,https://www.amazon.in/s?k=The+Bridge+Kingdom+kindle+edition
The Unhoneymooners,Christina Lauren,romance,A woman goes on her twin's honeymoon and runs into someone she can't stand. Sparks fly anyway.,"sexy,romantic,humorous",https://www.amazon.in/s?k=The+Unhoneymooners+kindle+edition,https://www.amazon.in/s?k=The+Unhoneymooners+kindle+edition
The Spanish Love Deception,Elena Armas,romance,A woman needs a fake date for a wedding in Spain. Her infuriating colleague volunteers.,"sexy,romantic,humorous",https://www.amazon.in/s?k=The+Spanish+Love+Deception+kindle+edition,https://www.amazon.in/s?k=The+Spanish+Love+Deception+kindle+edition
Ugly Love,Colleen Hoover,romance,Two neighbors agree to a no-strings arrangement. The strings appear anyway.,"sexy,romantic,heartbreaking",https://www.amazon.in/s?k=Ugly+Love+kindle+edition,https://www.amazon.in/s?k=Ugly+Love+kindle+edition
Nov-09,Colleen Hoover,romance,Two strangers meet on November 9th every year. The truth of what connects them is devastating.,"sexy,romantic,heartbreaking",https://www.amazon.in/s?k=November+9+kindle+edition,https://www.amazon.in/s?k=Nov-09+kindle+edition
The Wall of Winnipeg and Me,Mariana Zapata,romance,An assistant falls for her NFL client over years of slow-burn tension. Worth every page.,"sexy,romantic",https://www.amazon.in/s?k=The+Wall+of+Winnipeg+and+Me+kindle+edition,https://www.amazon.in/s?k=The+Wall+of+Winnipeg+and+Me+kindle+edition
Wait for It,Mariana Zapata,romance,A woman raising her nephews slowly falls for her new neighbor. A deeply satisfying slow burn.,"sexy,romantic,hopeful",https://www.amazon.in/s?k=Wait+for+It+kindle+edition,https://www.amazon.in/s?k=Wait+for+It+kindle+edition
From Blood and Ash,Jennifer L. Armentrout,fantasy romance,A chosen maiden and her guard navigate forbidden attraction in a dangerous magical world.,"sexy,fantasy,dark romance",https://www.amazon.in/s?k=From+Blood+and+Ash+kindle+edition,https://www.amazon.in/s?k=From+Blood+and+Ash+kindle+edition
Gabriel's Inferno,Sylvain Reynard,romance,A professor and his student dance around a forbidden and consuming attraction.,"sexy,romantic,drama",https://www.amazon.in/s?k=Gabriel's+Inferno+kindle+edition,https://www.amazon.in/s?k=Gabriel's+Inferno+kindle+edition
The Spark,Vi Keeland,romance,A chance encounter sparks something neither expected. The past always finds a way back.,"sexy,romantic,drama",https://www.amazon.in/s?k=The+Spark+kindle+edition,https://www.amazon.in/s?k=The+Spark+kindle+edition
Love Redesigned,Lauren Asher,romance,A designer and a developer compete and clash — until they can't stay apart.,"sexy,romantic,humorous",https://www.amazon.in/s?k=Love+Redesigned+kindle+edition,https://www.amazon.in/s?k=Love+Redesigned+kindle+edition
Cemetery Boys,Aiden Thomas,fantasy,A young brujo accidentally summons the ghost of his enemy instead of his ex. Love across death.,"bl romance,fantasy,mysterious",https://www.amazon.in/s?k=Cemetery+Boys+kindle+edition,https://www.amazon.in/s?k=Cemetery+Boys+kindle+edition
In Other Lands,Sarah Rees Brennan,fantasy,A sarcastic boy crosses into a magical world. He writes letters home and falls in love with his rival.,"bl romance,fantasy,humorous",https://www.amazon.in/s?k=In+Other+Lands+kindle+edition,https://www.amazon.in/s?k=In+Other+Lands+kindle+edition
The House in the Cerulean Sea,TJ Klune,fantasy,A caseworker is sent to evaluate a house of magical children. He finds belonging there.,"bl romance,fantasy,hopeful",https://www.amazon.in/s?k=The+House+in+the+Cerulean+Sea+kindle+edition,https://www.amazon.in/s?k=The+House+in+the+Cerulean+Sea+kindle+edition
Heartstopper Volume 1,Alice Oseman,graphic novel,Two boys at the same school become friends and then something more. Quiet and beautiful.,"bl romance,romantic,hopeful",https://www.amazon.in/s?k=Heartstopper+Volume+1+kindle+edition,https://www.amazon.in/s?k=Heartstopper+Volume+1+kindle+edition
Felix Ever After,Kacen Callender,young adult,A trans Black teen navigates first love and identity over one summer in New York.,"bl romance,romantic,hopeful",https://www.amazon.in/s?k=Felix+Ever+After+kindle+edition,https://www.amazon.in/s?k=Felix+Ever+After+kindle+edition
The Song of Achilles,Madeline Miller,historical fiction,Achilles and Patroclus grow from boyhood companions to something deeper. The myth retold.,"bl romance,heartbreaking,drama",https://www.amazon.in/s?k=The+Song+of+Achilles+kindle+edition,https://www.amazon.in/s?k=The+Song+of+Achilles+kindle+edition
What If It's Us,Becky Albertalli & Adam Silvera,young adult,Two boys keep running into each other in New York. The universe might be trying to say something.,"bl romance,romantic,humorous",https://www.amazon.in/s?k=What+If+It's+Us+kindle+edition,https://www.amazon.in/s?k=What+If+It's+Us+kindle+edition
I'll Give You the Sun,Jandy Nelson,young adult,Twins drift apart after a tragedy. Art and first love fill the silence.,"bl romance,heartbreaking,drama",https://www.amazon.in/s?k=I'll+Give+You+the+Sun+kindle+edition,https://www.amazon.in/s?k=I'll+Give+You+the+Sun+kindle+edition
The Extraordinaries,TJ Klune,young adult,A boy with ADHD writes fan fiction about a superhero he's obsessed with. Then he meets him.,"bl romance,humorous,hopeful",https://www.amazon.in/s?k=The+Extraordinaries+kindle+edition,https://www.amazon.in/s?k=The+Extraordinaries+kindle+edition
One of Us is Lying,Karen McManus,mystery,Five students go into detention. One doesn't come out. Everyone had a reason.,"bl romance,suspenseful,mysterious",https://www.amazon.in/s?k=One+of+Us+is+Lying+kindle+edition,https://www.amazon.in/s?k=One+of+Us+is+Lying+kindle+edition
Fingersmith,Sarah Waters,historical fiction,Two women con each other and fall in love in Victorian England. Every twist resets everything.,"gl romance,mysterious,heartbreaking",https://www.amazon.in/s?k=Fingersmith+kindle+edition,https://www.amazon.in/s?k=Fingersmith+kindle+edition
Tipping the Velvet,Sarah Waters,historical fiction,A girl follows a male impersonator from her small town to the dazzling and dark London stage.,"gl romance,adventurous,drama",https://www.amazon.in/s?k=Tipping+the+Velvet+kindle+edition,https://www.amazon.in/s?k=Tipping+the+Velvet+kindle+edition
The Miseducation of Cameron Post,Emily M. Danforth,young adult,A girl is sent to a conversion camp after being caught with another girl. She does not break.,"gl romance,heartbreaking,thought-provoking",https://www.amazon.in/s?k=The+Miseducation+of+Cameron+Post+kindle+edition,https://www.amazon.in/s?k=The+Miseducation+of+Cameron+Post+kindle+edition
A Memory Called Empire,Arkady Martine,sci-fi,An ambassador investigates the death of her predecessor in a massive empire. She may be next.,"gl romance,sci-fi,mysterious",https://www.amazon.in/s?k=A+Memory+Called+Empire+kindle+edition,https://www.amazon.in/s?k=A+Memory+Called+Empire+kindle+edition
Upright Women Wanted,Sarah Gailey,sci-fi western,A girl stows away with a group of librarians in a dystopian American West. She finds her people.,"gl romance,adventurous,thought-provoking",https://www.amazon.in/s?k=Upright+Women+Wanted+kindle+edition,https://www.amazon.in/s?k=Upright+Women+Wanted+kindle+edition
Honey Girl,Morgan Rogers,literary fiction,An overachiever wakes up married to a stranger in Vegas. She follows the feeling anyway.,"gl romance,romantic,hopeful",https://www.amazon.in/s?k=Honey+Girl+kindle+edition,https://www.amazon.in/s?k=Honey+Girl+kindle+edition
Last Night at the Telegraph Club,Malinda Lo,historical fiction,A Chinese American girl discovers a club for women who love women in 1950s San Francisco.,"gl romance,heartbreaking,drama",https://www.amazon.in/s?k=Last+Night+at+the+Telegraph+Club+kindle+edition,https://www.amazon.in/s?k=Last+Night+at+the+Telegraph+Club+kindle+edition
The Midnight Girls,Alicia Jasinska,fantasy,Two witches compete to catch a prince in a winter wonderland. They catch each other instead.,"gl romance,fantasy,dark romance",https://www.amazon.in/s?k=The+Midnight+Girls+kindle+edition,https://www.amazon.in/s?k=The+Midnight+Girls+kindle+edition
Pachinko,Min Jin Lee,historical fiction,"Four generations of a Korean family navigate war, discrimination and sacrifice. Legacy is heavy.","drama,heartbreaking,thought-provoking",https://www.amazon.in/s?k=Pachinko+kindle+edition,https://www.amazon.in/s?k=Pachinko+kindle+edition
The Help,Kathryn Stockett,historical fiction,Black maids and a young white woman secretly write a book about their lives in 1960s Mississippi.,"drama,inspiring,thought-provoking",https://www.amazon.in/s?k=The+Help+kindle+edition,https://www.amazon.in/s?k=The+Help+kindle+edition
Atonement,Ian McEwan,literary fiction,A child's lie destroys two lives. Decades later she tries to write herself forgiveness.,"drama,heartbreaking,thought-provoking",https://www.amazon.in/s?k=Atonement+kindle+edition,https://www.amazon.in/s?k=Atonement+kindle+edition
The Hours,Michael Cunningham,literary fiction,Three women across different eras are connected by a single book and the weight of living.,"drama,thought-provoking,heartbreaking",https://www.amazon.in/s?k=The+Hours+kindle+edition,https://www.amazon.in/s?k=The+Hours+kindle+edition
Circe,Madeline Miller,mythology,The witch of Greek mythology tells her own story. She was never just a villain.,"drama,fantasy,thought-provoking",https://www.amazon.in/s?k=Circe+kindle+edition,https://www.amazon.in/s?k=Circe+kindle+edition
Cutting for Stone,Abraham Verghese,literary fiction,Twin brothers born in an Ethiopian mission hospital are separated by fate and reunited by medicine.,"drama,heartbreaking,inspiring",https://www.amazon.in/s?k=Cutting+for+Stone+kindle+edition,https://www.amazon.in/s?k=Cutting+for+Stone+kindle+edition
Behind the Beautiful Forevers,Katherine Boo,non-fiction,Life and death in a Mumbai slum beside the international airport. Astonishing and devastating.,"drama,thought-provoking,heartbreaking",https://www.amazon.in/s?k=Behind+the+Beautiful+Forevers+kindle+edition,https://www.amazon.in/s?k=Behind+the+Beautiful+Forevers+kindle+edition
The Poisonwood Bible,Barbara Kingsolver,literary fiction,A missionary takes his family to the Congo. The jungle changes all of them.,"drama,thought-provoking,heartbreaking",https://www.amazon.in/s?k=The+Poisonwood+Bible+kindle+edition,https://www.amazon.in/s?k=The+Poisonwood+Bible+kindle+edition
The God of Small Things,Arundhati Roy,literary fiction,Twins in Kerala carry a secret that destroyed their family. The smallest things matter most.,"drama,heartbreaking,romantic",https://www.amazon.in/s?k=The+God+of+Small+Things+kindle+edition,https://www.amazon.in/s?k=The+God+of+Small+Things+kindle+edition
White Teeth,Zadie Smith,literary fiction,"Two families — one English, one Bangladeshi — navigate identity, faith and history in London.","drama,humorous,thought-provoking",https://www.amazon.in/s?k=White+Teeth+kindle+edition,https://www.amazon.in/s?k=White+Teeth+kindle+edition
Hamlet,William Shakespeare,classic,A prince seeks revenge for his father's murder. Everyone pays the price.,"tragedy,drama,thought-provoking",https://www.amazon.in/s?k=Hamlet+kindle+edition,https://www.amazon.in/s?k=Hamlet+kindle+edition
The Great Alone,Kristin Hannah,literary fiction,A family moves to isolated Alaska. The wilderness mirrors a father's unraveling mind.,"tragedy,heartbreaking,drama",https://www.amazon.in/s?k=The+Great+Alone+kindle+edition,https://www.amazon.in/s?k=The+Great+Alone+kindle+edition
Beloved,Toni Morrison,literary fiction,A formerly enslaved woman is haunted by the ghost of her dead daughter. The past never leaves.,"tragedy,heartbreaking,thought-provoking",https://www.amazon.in/s?k=Beloved+kindle+edition,https://www.amazon.in/s?k=Beloved+kindle+edition
Of Human Bondage,W. Somerset Maugham,literary fiction,"A young man with a clubfoot pursues art, medicine and a destructive love. Life resists his plans.","tragedy,drama,thought-provoking",https://www.amazon.in/s?k=Of+Human+Bondage+kindle+edition,https://www.amazon.in/s?k=Of+Human+Bondage+kindle+edition
The Corrections,Jonathan Franzen,literary fiction,An aging couple's three adult children each carry wounds the parents inflicted. Christmas is coming.,"tragedy,drama,humorous",https://www.amazon.in/s?k=The+Corrections+kindle+edition,https://www.amazon.in/s?k=The+Corrections+kindle+edition
Requiem for a Dream,Hubert Selby Jr.,literary fiction,Four people chase their dreams through addiction. The fall is unbearable to watch.,"tragedy,heartbreaking,thought-provoking",https://www.amazon.in/s?k=Requiem+for+a+Dream+kindle+edition,https://www.amazon.in/s?k=Requiem+for+a+Dream+kindle+edition
The Virgin Suicides,Jeffrey Eugenides,literary fiction,Five sisters die one by one. The neighborhood boys spend decades trying to understand why.,"tragedy,mysterious,drama",https://www.amazon.in/s?k=The+Virgin+Suicides+kindle+edition,https://www.amazon.in/s?k=The+Virgin+Suicides+kindle+edition
Death of a Salesman,Arthur Miller,classic,An aging salesman confronts the collapse of his American dream. His sons watch helplessly.,"tragedy,drama,thought-provoking",https://www.amazon.in/s?k=Death+of+a+Salesman+kindle+edition,https://www.amazon.in/s?k=Death+of+a+Salesman+kindle+edition
Lolita,Vladimir Nabokov,literary fiction,A man justifies the unjustifiable in beautiful prose. The horror is in what he refuses to see.,"tragedy,thought-provoking,dark romance",https://www.amazon.in/s?k=Lolita+kindle+edition,https://www.amazon.in/s?k=Lolita+kindle+edition
The Way of Kings,Brandon Sanderson,epic fantasy,A world of storms and ancient evils. Three people carry the fate of everything on their shoulders.,"fantasy,adventurous,thought-provoking",https://www.amazon.in/s?k=The+Way+of+Kings+kindle+edition,https://www.amazon.in/s?k=The+Way+of+Kings+kindle+edition
Jonathan Strange and Mr Norrell,Susanna Clarke,fantasy,Two magicians bring magic back to England. Their rivalry reshapes both history and magic.,"fantasy,mysterious,drama",https://www.amazon.in/s?k=Jonathan+Strange+and+Mr+Norrell+kindle+edition,https://www.amazon.in/s?k=Jonathan+Strange+and+Mr+Norrell+kindle+edition
The Night Circus,Erin Morgenstern,fantasy,Two young magicians compete inside a mysterious black-and-white circus. The contest will cost one their life.,"fantasy,romantic,mysterious",https://www.amazon.in/s?k=The+Night+Circus+kindle+edition,https://www.amazon.in/s?k=The+Night+Circus+kindle+edition
Piranesi,Susanna Clarke,fantasy mystery,A man lives in a labyrinthine house filled with statues and tides. He is not alone.,"fantasy,mysterious,thought-provoking",https://www.amazon.in/s?k=Piranesi+kindle+edition,https://www.amazon.in/s?k=Piranesi+kindle+edition
American Gods,Neil Gaiman,fantasy,Old gods brought to America by immigrants fight the new gods of technology and media.,"fantasy,thought-provoking,adventurous",https://www.amazon.in/s?k=American+Gods+kindle+edition,https://www.amazon.in/s?k=American+Gods+kindle+edition
The Lies of Locke Lamora,Scott Lynch,fantasy,A gang of thieves con the nobility of a city built on secrets. They push their luck too far.,"fantasy,adventurous,humorous",https://www.amazon.in/s?k=The+Lies+of+Locke+Lamora+kindle+edition,https://www.amazon.in/s?k=The+Lies+of+Locke+Lamora+kindle+edition
Six of Crows,Leigh Bardugo,fantasy,Six outcasts plan an impossible heist. The crew is broken. The plan is brilliant.,"fantasy,adventurous,dark romance",https://www.amazon.in/s?k=Six+of+Crows+kindle+edition,https://www.amazon.in/s?k=Six+of+Crows+kindle+edition
The Blade Itself,Joe Abercrombie,grimdark fantasy,Heroes are not what they seem in a world of brutal politics and war. Everyone has blood on their hands.,"fantasy,dark romance,thought-provoking",https://www.amazon.in/s?k=The+Blade+Itself+kindle+edition,https://www.amazon.in/s?k=The+Blade+Itself+kindle+edition
Uprooted,Naomi Novik,fantasy,A village girl is taken by a cold wizard to serve him for ten years. She has her own power.,"fantasy,romantic,adventurous",https://www.amazon.in/s?k=Uprooted+kindle+edition,https://www.amazon.in/s?k=Uprooted+kindle+edition
The Bear and the Nightingale,Katherine Arden,fantasy,A wild girl in medieval Russia must save her village from the old spirits her family has forgotten.,"fantasy,adventurous,mysterious",https://www.amazon.in/s?k=The+Bear+and+the+Nightingale+kindle+edition,https://www.amazon.in/s?k=The+Bear+and+the+Nightingale+kindle+edition
